CustomerIndex,ChurnPrediction,ChurnProbability,MonthlyCharges
437,0,0.025249020887360484,114.05000305175781
2280,1,0.6977424156800269,100.1500015258789
2235,0,0.03166060872845148,78.3499984741211
4460,0,0.378234429478328,78.19999694824219
3761,0,0.01585745275290841,82.6500015258789
5748,1,0.6310082460713792,99.8499984741211
3568,1,0.6743427007755115,99.1500015258789
2976,0,0.07066861042349167,24.100000381469727
5928,0,0.0035323087662045387,19.75
1639,0,0.4270019192525171,45.04999923706055
2079,0,0.34582748358949783,106.05000305175781
1280,0,0.11367847181963282,114.8499984741211
667,0,0.32552381043787393,30.200000762939453
3524,1,0.7729930644827798,84.80000305175781
5283,0,0.15807966510118537,48.79999923706055
485,0,0.08426261132024446,84.5
6121,0,0.1065733362559823,19.5
2136,1,0.5595158066383206,91.0
6501,0,0.48178883992746663,105.69999694824219
5356,0,0.07193695942354617,35.400001525878906
6529,1,0.7468406215739412,74.8499984741211
1242,0,0.2814552140523591,28.5
1615,0,0.045989549075982177,20.049999237060547
5082,0,0.02152332601212479,19.799999237060547
5389,0,0.4893755104526084,69.1500015258789
3985,0,0.1881024494681477,54.54999923706055
761,1,0.808533345157189,89.25
6125,1,0.6364964823712218,102.25
6053,0,0.01929584383141134,25.100000381469727
5547,1,0.9049874482386052,89.44999694824219
1838,1,0.5642779698492814,90.05000305175781
6979,1,0.5502131512295634,24.200000762939453
4345,0,0.00340628887206076,20.549999237060547
3553,0,0.014117747085993794,23.399999618530273
346,1,0.9149881988353561,90.4000015258789
3624,0,0.25992963831808924,96.0999984741211
950,1,0.5543191403134953,44.95000076293945
3707,0,0.004750209528465276,19.899999618530273
6633,1,0.8829716486477294,74.5
2488,0,0.23844406476571742,55.25
4852,0,0.003432533772922116,20.299999237060547
2519,1,0.8040411723450561,91.44999694824219
5400,1,0.8334667368773881,70.4000015258789
1520,0,0.36690458036506046,19.600000381469727
3712,0,0.055650897351057355,65.4000015258789
880,0,0.416206550597994,110.0999984741211
3510,1,0.8748535974413864,75.25
6114,0,0.46765457516756026,66.6500015258789
3283,0,0.004527215279383841,20.350000381469727
523,1,0.8295877444796087,75.5999984741211
1035,0,0.006784895917849527,25.100000381469727
2246,1,0.5181119181600333,102.44999694824219
6140,0,0.42822528663843523,19.950000762939453
4030,0,0.3905812713392279,51.0
2255,0,0.38049887032255464,51.20000076293945
6304,1,0.904640917851833,77.6500015258789
5965,0,0.022617479528981455,63.70000076293945
5614,0,0.0914007314922462,85.5
5601,0,0.06025502761518492,40.900001525878906
2466,0,0.0033367138593211735,20.549999237060547
4914,0,0.005329086882558472,74.55000305175781
5086,0,0.03883582558014296,20.399999618530273
888,0,0.24908565753109185,91.19999694824219
123,0,0.2711352289008451,50.70000076293945
3408,1,0.5220761632464381,50.70000076293945
3362,0,0.4868649753027042,54.900001525878906
7011,0,0.23601934913454642,60.400001525878906
3158,0,0.25350636910071817,49.54999923706055
5968,0,0.2706950049537034,74.05000305175781
5300,1,0.7146915701460302,80.05000305175781
4761,0,0.004711836275269229,25.0
4441,0,0.01919952620937888,20.25
290,1,0.6516371998094608,76.0999984741211
4120,0,0.39842678717858154,78.94999694824219
3704,0,0.011161529111971328,73.0
1718,0,0.1655187246546423,19.899999618530273
5202,0,0.04064685345450414,111.0999984741211
1472,0,0.3775144593604568,74.4000015258789
3217,0,0.46513333300072496,20.450000762939453
4530,0,0.0054872098248911075,19.649999618530273
3211,0,0.07133917388193624,20.049999237060547
1016,0,0.007093635050484359,80.0999984741211
1577,0,0.27448800328053563,98.5999984741211
642,1,0.8849670849926883,89.55000305175781
4770,0,0.08612779570940185,19.700000762939453
3856,1,0.5832404692606408,114.0999984741211
6314,1,0.8041432635769027,73.8499984741211
3185,1,0.712871859757139,25.049999237060547
4594,0,0.28100797023867213,102.80000305175781
6478,0,0.12329319738656763,110.80000305175781
3975,1,0.6718538343674793,85.80000305175781
1461,0,0.25318903673896304,95.9000015258789
2268,0,0.05848946014053759,20.600000381469727
1999,1,0.6997894199372666,74.94999694824219
2361,1,0.576031180303538,45.95000076293945
4728,0,0.010292736982523256,38.25
6481,1,0.6201862230353014,69.94999694824219
6942,0,0.003770403832584218,20.0
1334,1,0.799756112328851,25.200000762939453
5150,1,0.5814439697985357,20.100000381469727
2448,1,0.6658924348067277,104.8499984741211
2231,1,0.8390962138081036,70.0
203,0,0.46724492211637325,78.30000305175781
1644,0,0.44258003677355373,109.80000305175781
1014,0,0.20949758504202312,57.45000076293945
6614,0,0.0015483865482350575,19.700000762939453
5710,0,0.18884983838924704,110.5
1153,0,0.047094397620233826,64.30000305175781
6332,0,0.10087101411329001,105.25
3604,0,0.050697950930131824,19.600000381469727
1076,0,0.0073529448573227555,24.5
3978,1,0.8354064131723127,90.69999694824219
3166,0,0.33796412560223565,48.79999923706055
6133,1,0.6768216239615624,24.899999618530273
185,1,0.7935893262919231,24.799999237060547
4686,0,0.1317602085221641,107.4000015258789
3516,1,0.6796929233433802,43.29999923706055
1175,0,0.49358602427896514,80.0
1606,0,0.020859021713375035,104.0999984741211
1653,0,0.0068678842578198665,20.75
2180,0,0.040476225165153396,95.5
1807,1,0.8656143865333206,76.3499984741211
2292,0,0.009658470334410228,91.30000305175781
1560,0,0.05373845122648461,45.04999923706055
5393,1,0.8964205992560047,70.5999984741211
6208,0,0.02083730016386221,80.80000305175781
1987,1,0.5563545248934259,89.1500015258789
5205,1,0.5446030941323017,91.19999694824219
3792,1,0.8331097297573212,91.25
4193,0,0.26121927092671215,19.75
6388,0,0.4613170550306565,20.399999618530273
5207,0,0.2950239728891717,40.650001525878906
675,0,0.115575514776651,110.3499984741211
300,0,0.4098648235015384,64.9000015258789
5093,0,0.11166610340978181,66.1500015258789
6191,0,0.3271605394377601,55.650001525878906
2259,0,0.1259875674847991,20.850000381469727
4802,0,0.3333488503701096,54.650001525878906
4231,0,0.02202342477416787,80.5999984741211
402,0,0.36827223553876814,99.44999694824219
1036,0,0.06349162428343783,114.69999694824219
7002,0,0.3002736186768962,105.4000015258789
747,1,0.7280443825895948,75.05000305175781
2373,0,0.014163638878116266,49.400001525878906
3719,0,0.03493959988786808,18.25
2743,0,0.07443064743356556,111.05000305175781
2755,0,0.06413791526659587,19.600000381469727
110,0,0.4059860713724632,96.75
1801,1,0.5968377312919554,69.69999694824219
1184,0,0.18220484712351806,87.9000015258789
2681,0,0.008705926145704498,40.400001525878906
4079,1,0.5172746808250741,78.1500015258789
6239,0,0.2465994391047385,99.4000015258789
3236,0,0.38001935480930793,55.29999923706055
5098,1,0.843631991613748,77.0
2383,0,0.32353323832864533,26.049999237060547
4782,1,0.7957706873224701,78.75
180,1,0.8156361497555177,29.950000762939453
3044,1,0.7133389999330108,45.400001525878906
2521,1,0.5240517988282715,85.25
4855,0,0.04240792062153731,104.05000305175781
2143,0,0.10866857990780283,74.8499984741211
4201,0,0.005484450062965909,19.549999237060547
1855,0,0.006189685346180867,20.100000381469727
3182,0,0.19349491917095873,95.19999694824219
3721,0,0.45564122286782754,20.649999618530273
6571,0,0.06034360017322804,55.0
3240,0,0.4211468996204736,106.55000305175781
3359,0,0.14001247517816529,19.950000762939453
4152,0,0.028335219930575247,76.1500015258789
4571,1,0.8007578767801687,69.80000305175781
2194,1,0.8660447076504973,79.5
1792,0,0.13057825980333526,69.4000015258789
2526,0,0.36813210396701745,19.399999618530273
195,0,0.340409301039122,96.55000305175781
558,1,0.8268556643809357,70.19999694824219
5671,0,0.019219537938216538,25.299999237060547
2649,0,0.006188972324317956,25.0
2590,1,0.6152574713901482,88.4000015258789
4046,0,0.3150268717874474,50.150001525878906
1543,1,0.8414645710092686,69.94999694824219
5034,0,0.05432483084834608,29.899999618530273
4154,1,0.8453661881283061,74.9000015258789
223,0,0.3629000677148394,50.04999923706055
2338,0,0.004008017826227221,19.950000762939453
6919,1,0.5029418381591996,89.4000015258789
342,0,0.08756858594942804,67.44999694824219
7001,0,0.49612994093009877,49.900001525878906
907,0,0.1726311921496192,65.3499984741211
6070,0,0.04947150259256361,81.0
2923,0,0.3195032232957704,89.80000305175781
7016,1,0.6727046618352593,49.95000076293945
2686,1,0.5845197950671277,79.8499984741211
6492,0,0.021817771802292288,19.75
2931,1,0.6442883135165419,105.3499984741211
3464,1,0.7441903444007263,83.8499984741211
6455,0,0.2906745929238072,44.29999923706055
5619,1,0.6480926836634914,91.0
2850,0,0.48492056037437586,99.0
2102,0,0.38608147046586166,80.55000305175781
4436,0,0.14294281221962923,60.599998474121094
3234,0,0.01554668941982035,19.700000762939453
3944,0,0.08151933063098991,20.25
3670,0,0.12170203379480082,24.25
5595,0,0.4357467163960542,19.399999618530273
5080,0,0.14081644727080367,93.1500015258789
4923,0,0.2638495243653187,49.75
3207,0,0.3752912618055709,19.649999618530273
3376,0,0.2530076324163297,19.399999618530273
5730,0,0.005696913773296359,19.799999237060547
4140,1,0.5739953451365946,99.9000015258789
4161,0,0.4806426017602135,49.95000076293945
3831,0,0.23799318028744978,89.05000305175781
1347,0,0.037262738194242646,19.950000762939453
9,0,0.030610019709829583,56.150001525878906
5013,1,0.5713731405183631,34.650001525878906
1092,0,0.0032999937314136508,64.94999694824219
4461,1,0.6493250345814943,94.19999694824219
5381,1,0.5500727491610107,78.9000015258789
3799,0,0.09833019780417913,65.25
4696,0,0.4233182414793831,95.80000305175781
2914,0,0.394718652066163,64.8499984741211
4537,0,0.35889637683379705,49.79999923706055
1554,0,0.14262197681807956,20.899999618530273
5250,1,0.8672018358204926,94.55000305175781
1380,0,0.17790905701130666,98.44999694824219
4224,0,0.004597965203120343,19.600000381469727
4552,0,0.3492491449148752,20.450000762939453
5133,0,0.4836314039517945,104.25
352,1,0.8696986402528801,89.1500015258789
1444,0,0.060445302318741886,111.1500015258789
3918,1,0.615367802902706,90.19999694824219
4755,1,0.7646482555362102,91.25
2646,0,0.03272680030368796,81.80000305175781
2275,1,0.7018836795862399,74.5
3755,1,0.8642029383443159,76.05000305175781
6853,1,0.599803294727916,111.0999984741211
150,0,0.41849918622470084,68.55000305175781
3174,0,0.08795876769206636,45.0
4867,1,0.7306325100635815,100.8499984741211
3043,1,0.7462344064745337,30.399999618530273
3172,1,0.6330871133916177,95.9000015258789
4379,0,0.3253484607154424,89.94999694824219
4533,0,0.3786002874771304,105.1500015258789
3357,1,0.5967229933079612,59.20000076293945
2543,0,0.4877484522847872,98.1500015258789
5360,0,0.42324647445245367,84.5
6268,0,0.15098949570979728,20.850000381469727
993,0,0.04498614712126706,26.100000381469727
4070,0,0.4449829238687815,74.0
1766,0,0.032041535721419455,20.549999237060547
4022,0,0.3268741593306968,18.850000381469727
1448,0,0.1905516403333289,20.850000381469727
6720,0,0.016557039755749958,84.0999984741211
5509,1,0.543934051442547,46.0
6731,0,0.08304154728162452,19.549999237060547
3736,0,0.34493521251615356,20.200000762939453
5797,0,0.12380549349038965,88.80000305175781
5669,0,0.38432849970730265,100.55000305175781
2860,1,0.5713647087013995,101.4000015258789
3824,1,0.6728994137458942,55.29999923706055
2967,0,0.05999423032096532,113.75
714,0,0.00390997449859937,25.399999618530273
4676,0,0.127596226551687,20.0
2911,1,0.8798430213888406,73.5
4653,0,0.2080029960556648,51.20000076293945
492,1,0.7138533932617788,74.4000015258789
1321,0,0.011564958981719286,65.8499984741211
3669,1,0.535686448586314,111.5
5652,1,0.6540557322705726,48.599998474121094
6777,1,0.5686348402321361,29.899999618530273
4147,0,0.007404685790360706,24.850000381469727
3848,1,0.5536045462559271,49.20000076293945
6149,1,0.5599536708187538,25.850000381469727
3897,0,0.06364936591160922,115.5
5809,1,0.7983441315408873,85.94999694824219
2367,1,0.7985507258844083,85.55000305175781
2219,1,0.7166939719930897,89.94999694824219
2397,1,0.8722434624008798,88.3499984741211
519,0,0.2523066419411621,20.049999237060547
3505,1,0.7292501718189838,24.950000762939453
5012,0,0.33774430962154317,20.100000381469727
685,1,0.6344732084598602,49.900001525878906
3812,0,0.13475039231325514,19.649999618530273
4986,1,0.6371397233551549,79.55000305175781
2294,1,0.7912387999695232,106.69999694824219
5006,0,0.3185964790065743,55.70000076293945
3665,0,0.07262867569818135,99.0
2155,1,0.782075001567234,85.0
5487,0,0.02332052248476714,20.149999618530273
4817,0,0.44898136705319,19.899999618530273
1219,0,0.18406194483623384,70.44999694824219
4206,0,0.04276954860883424,116.80000305175781
5067,0,0.1845701890253733,66.30000305175781
4317,0,0.1234267163581156,20.549999237060547
2486,0,0.2720656968201716,90.44999694824219
895,0,0.33370991876954814,94.30000305175781
580,0,0.1608939505771321,19.0
686,0,0.04434745456106673,24.600000381469727
6523,0,0.044320783540904726,45.900001525878906
3466,0,0.001947258436554214,25.100000381469727
5715,0,0.23391386057800748,108.1500015258789
2902,1,0.6959060299061987,74.0999984741211
3317,0,0.012487084841815797,70.80000305175781
6179,1,0.9141830236309457,95.1500015258789
6057,0,0.26313931063725043,61.54999923706055
1343,0,0.016750556514462344,73.05000305175781
4018,0,0.08335028389773139,69.44999694824219
2674,0,0.3591847678244427,20.049999237060547
1316,0,0.3343351272779531,19.950000762939453
302,1,0.7192220755432208,90.4000015258789
6015,1,0.7703155250441786,74.55000305175781
1584,0,0.0716837485036667,53.5
3970,0,0.013899464322518137,63.70000076293945
4160,0,0.14960174903842258,75.0
3898,0,0.025319141428626037,25.049999237060547
5484,0,0.12078975924724754,99.3499984741211
6457,0,0.03709884341411686,44.45000076293945
1890,0,0.37431244341078707,21.0
3145,1,0.8951774048530863,76.6500015258789
2699,1,0.5360064132599692,96.3499984741211
6308,1,0.886843905809701,70.3499984741211
3216,0,0.4177005811153254,50.45000076293945
2849,0,0.3455568406495478,20.299999237060547
7033,1,0.5229887804741566,69.5
1552,0,0.0756310883721209,80.55000305175781
3694,0,0.038116093788753726,108.75
4253,0,0.4377663801411864,88.75
894,0,0.14619599171533149,81.19999694824219
6436,0,0.04881986065899241,79.5999984741211
2892,0,0.392748743233056,20.450000762939453
2005,0,0.24216838701290389,100.44999694824219
5470,0,0.08108112549444789,89.44999694824219
1127,0,0.013768931058363087,66.25
5181,0,0.0053566860472817725,90.80000305175781
4408,0,0.03084134692920643,71.44999694824219
1070,1,0.9185132467814731,69.75
4984,0,0.19978634847312476,59.650001525878906
5886,0,0.0072112929839501395,19.75
3155,0,0.024677442383199962,19.850000381469727
2915,0,0.010704531718783942,63.79999923706055
809,1,0.854196352455594,69.55000305175781
5623,0,0.2582562746312434,51.099998474121094
4725,0,0.4187879789494164,62.04999923706055
6748,1,0.8424541979917396,85.0
6945,0,0.17293006392911364,98.30000305175781
6951,0,0.011130984790868322,19.899999618530273
1509,1,0.7033378198895923,76.6500015258789
4423,0,0.239064255328262,66.4000015258789
1088,0,0.4997808610575248,100.44999694824219
6098,0,0.13232073302945085,75.9000015258789
3844,0,0.07222006363398104,85.94999694824219
7036,0,0.2872368448423457,60.650001525878906
5902,0,0.4750685688753184,50.849998474121094
5828,0,0.005854630850390416,24.450000762939453
3320,0,0.1384321092990734,59.099998474121094
3818,0,0.06711767455584562,109.0999984741211
2580,1,0.5784075205059569,101.30000305175781
4600,0,0.03254967041973098,115.8499984741211
2798,1,0.8503705976702186,94.9000015258789
1851,1,0.8185029209397225,35.099998474121094
5725,0,0.018811498641896605,24.649999618530273
4008,0,0.07082141313110807,56.150001525878906
3751,0,0.4425994259273133,109.44999694824219
3291,0,0.08928961553310161,55.150001525878906
6537,0,0.07128997196879526,115.6500015258789
2961,0,0.2548605263626855,53.75
1123,0,0.05489364827534144,61.599998474121094
4113,0,0.03194343157399978,20.350000381469727
2319,1,0.7525929609355541,90.5999984741211
5975,0,0.42486882347232374,89.75
4473,1,0.7604790581903653,98.0999984741211
768,0,0.489770031584953,74.25
4151,0,0.25408743806974593,55.0
2711,1,0.5729434242414514,90.0999984741211
6075,0,0.19014944912933168,64.9000015258789
3437,0,0.111509060165342,56.29999923706055
311,0,0.45445154725568987,89.05000305175781
2424,0,0.37157417845937696,112.94999694824219
1237,0,0.07057384420250618,19.450000762939453
3398,0,0.06842836816404615,100.69999694824219
6230,0,0.2556407047661945,20.049999237060547
5515,0,0.019141531945182793,19.350000381469727
4165,1,0.7976012112287602,87.94999694824219
1578,1,0.512608394445605,59.5
5512,0,0.3254662297590997,55.29999923706055
6346,0,0.18101420317306216,49.25
5168,1,0.8722060104079771,80.80000305175781
6657,0,0.04497567990218668,20.450000762939453
51,0,0.4341523913930112,99.0999984741211
2064,0,0.05299784414304371,19.549999237060547
800,0,0.1164302431836516,75.6500015258789
14,0,0.4658690526710077,105.5
884,0,0.013047512372905867,35.79999923706055
6108,0,0.4280336657290358,25.149999618530273
4666,0,0.15323985655029734,19.200000762939453
6383,0,0.012211972911881763,40.099998474121094
5449,0,0.08162294653340843,103.1500015258789
949,0,0.022538339422155277,20.5
1549,1,0.6616647105044238,45.849998474121094
1693,0,0.04304301225791505,114.44999694824219
4185,1,0.5706478543220989,20.700000762939453
1648,0,0.20445211013245373,80.94999694824219
2691,0,0.3385247613747415,59.099998474121094
1288,0,0.005985889084659327,19.549999237060547
2792,0,0.41955973262735113,48.849998474121094
658,0,0.07987088384102939,19.850000381469727
5842,0,0.3842139825848898,78.75
4947,1,0.7360950526812874,98.3499984741211
6747,0,0.0347405315423172,35.45000076293945
5615,1,0.6014706772733467,20.200000762939453
4810,1,0.6820267753432155,89.8499984741211
4664,1,0.8062928312407173,74.9000015258789
4856,1,0.5978091942272113,91.1500015258789
3744,0,0.48718242831533926,75.5
7,0,0.4960247394838144,29.75
5736,0,0.3832989349378426,20.049999237060547
5039,1,0.881134342847372,79.5999984741211
3790,0,0.14402384578778293,19.299999237060547
2290,1,0.6746740244062313,48.75
183,0,0.03448335335633446,74.75
5587,0,0.43903283664203685,91.30000305175781
1037,1,0.6423612361791751,49.150001525878906
3251,1,0.7120874838294584,106.75
2701,0,0.005041382517008628,19.100000381469727
760,0,0.4010839282060404,20.799999237060547
6324,1,0.6010898071652151,75.8499984741211
5675,1,0.7889811592586102,69.5999984741211
165,0,0.0038573901023608082,19.899999618530273
2593,0,0.009210824586270466,20.299999237060547
404,0,0.03542772846812039,19.700000762939453
5166,0,0.28696121351926923,104.0
6104,0,0.25641999259220255,23.899999618530273
3957,0,0.34371198515691676,102.5999984741211
4281,0,0.07732931870062276,35.0
6190,1,0.8787407017055904,80.5
832,0,0.005838036900066311,74.0999984741211
805,0,0.09727667145870031,76.80000305175781
5773,0,0.1674673561950422,60.54999923706055
1557,0,0.2533582555041328,67.25
6127,0,0.31750172668613363,109.80000305175781
6885,1,0.5667796542086347,73.75
2088,0,0.20343088281490374,55.79999923706055
5234,0,0.45908381988539837,105.75
4259,0,0.43298202289482157,19.600000381469727
683,0,0.2311963305228573,103.75
2472,0,0.0043947725844591,70.9000015258789
1162,0,0.08722021923885723,72.3499984741211
2139,1,0.8313141634122111,66.8499984741211
2968,1,0.7536994381390895,90.4000015258789
3798,1,0.6786881853987772,100.30000305175781
3769,0,0.0828004692576985,26.200000762939453
6973,0,0.1287655631576461,94.0
4475,1,0.5215197260281504,19.549999237060547
6574,1,0.817701376325842,90.0999984741211
1277,0,0.0021615087051419742,20.100000381469727
6207,0,0.4771447099135209,85.0
743,0,0.004366408172178234,24.100000381469727
2138,0,0.021080857060855964,69.94999694824219
5891,0,0.48655070327766864,41.599998474121094
4305,0,0.028216228111524227,19.549999237060547
2204,0,0.13790749630663912,111.30000305175781
2467,0,0.1925168896284455,97.94999694824219
3112,0,0.09817588781872254,100.55000305175781
6735,0,0.008295752462364416,87.25
1756,0,0.17207641292489367,74.8499984741211
2034,0,0.03183059700174852,60.29999923706055
541,1,0.6493489369264399,58.95000076293945
4629,0,0.2261073033612575,19.299999237060547
1254,0,0.06479453757584532,88.80000305175781
6786,0,0.3493893989910923,48.54999923706055
6946,0,0.1149257822165521,45.54999923706055
796,0,0.23535648282000224,81.69999694824219
4028,0,0.04998674204379843,109.19999694824219
4210,0,0.05596222656921221,65.19999694824219
6423,0,0.0022616016540854935,24.25
2576,1,0.563950613175794,108.25
2278,0,0.45754422078087226,48.20000076293945
453,1,0.6724912179937761,81.05000305175781
1887,1,0.7303124131065314,72.6500015258789
3554,1,0.809939066238752,71.05000305175781
3293,1,0.683998591613143,64.0
5804,0,0.0021752253849141507,23.899999618530273
2608,0,0.21297542174719486,34.5
1568,1,0.5805666625018628,111.4000015258789
2913,0,0.010937833759097274,63.900001525878906
2351,0,0.03281397166859312,67.4000015258789
1846,0,0.04895515531863639,18.799999237060547
1083,1,0.8885920517292129,80.94999694824219
6206,0,0.3130458874797544,95.6500015258789
626,0,0.43718664248831185,84.25
3647,1,0.7981418189314264,69.69999694824219
2810,0,0.222174032543541,103.9000015258789
5716,1,0.635157906257629,55.29999923706055
1033,0,0.014594390493101458,23.649999618530273
6889,1,0.5972864379713301,89.8499984741211
5316,0,0.13906004044284306,93.6500015258789
479,1,0.7136904139785621,69.0
344,0,0.019347315577392697,20.25
4264,1,0.6571394179656315,104.44999694824219
3109,0,0.026032042678436687,25.950000762939453
5355,0,0.40487452113128,95.4000015258789
1381,1,0.7988760518237499,70.69999694824219
984,0,0.00539683543656102,23.75
657,0,0.07828023378757136,78.80000305175781
350,0,0.005057971136738336,62.79999923706055
4486,1,0.585173174800589,89.19999694824219
4038,0,0.010100715813146002,20.600000381469727
3638,0,0.40983685627854055,50.150001525878906
1697,0,0.0043713037238341254,75.55000305175781
933,1,0.8708782728419979,84.5999984741211
4266,0,0.16924712478063106,102.0
621,0,0.2034656016629561,92.05000305175781
1706,0,0.05323871269078958,97.6500015258789
3837,0,0.46991904264420514,105.6500015258789
6964,0,0.06627524037989642,56.29999923706055
3988,0,0.020172075422549483,81.1500015258789
1881,0,0.364925215289507,44.650001525878906
3874,1,0.7117245690847748,43.75
2329,0,0.2831317260476551,94.69999694824219
6725,0,0.1774567343318271,19.5
4422,1,0.6579320531105232,97.0
3117,0,0.0979395166222772,107.9000015258789
5194,0,0.4184059026030108,89.4000015258789
4402,0,0.06057106553432219,48.95000076293945
985,1,0.6583638433307644,80.5999984741211
4627,0,0.11586642073098471,116.5999984741211
101,0,0.32766686901901954,19.450000762939453
1388,0,0.310163225891334,58.349998474121094
4114,0,0.006186178192288164,19.950000762939453
2118,1,0.6365309491350606,80.1500015258789
1654,0,0.07597502140660249,18.799999237060547
6292,0,0.29918946409664954,100.0
3991,1,0.6942066448936536,93.5
4527,0,0.21029271767443852,80.44999694824219
6419,0,0.12113813886639924,84.9000015258789
2286,0,0.24070280260225307,64.4000015258789
3377,0,0.003867703805532216,25.049999237060547
6726,1,0.8645711331221948,70.75
4740,0,0.2966152015529004,39.099998474121094
6142,0,0.3814310761052078,50.25
6245,0,0.09360121929337555,80.0999984741211
680,1,0.7411445197266976,80.0
4670,0,0.10329396323105874,35.04999923706055
6174,1,0.7066870093663165,29.649999618530273
1351,0,0.2195733082887668,20.450000762939453
1844,0,0.011978324345401343,66.4000015258789
2704,0,0.05192626227740643,60.599998474121094
4478,1,0.7719710744691824,54.20000076293945
2509,0,0.012947159451611005,25.25
4171,0,0.29446012087015755,18.950000762939453
4977,0,0.019531560366745408,20.799999237060547
1023,1,0.6419183001210644,86.0999984741211
3541,0,0.3019291397859835,40.650001525878906
454,0,0.007335033599846907,24.399999618530273
4648,1,0.8614810241470465,70.30000305175781
3050,1,0.7248944246667279,85.4000015258789
1519,1,0.54642308832893,42.599998474121094
958,0,0.19874060976831048,81.75
4572,1,0.6850501817050234,106.1500015258789
315,0,0.05070341299162606,110.05000305175781
6796,0,0.25966963221821726,56.70000076293945
978,0,0.23895296851720904,103.75
2695,0,0.017875896102441967,81.4000015258789
791,0,0.028815847647935204,76.9000015258789
156,1,0.8407202068984659,84.1500015258789
6509,1,0.6821259249814874,25.049999237060547
260,1,0.7285256974438895,41.150001525878906
2516,1,0.8297877962548489,96.4000015258789
3007,1,0.5743825209535602,74.4000015258789
266,0,0.02721944183521778,24.899999618530273
1774,0,0.22514989295809903,48.75
882,1,0.8466130495394327,83.9000015258789
3565,1,0.6376353647702877,50.75
6270,0,0.016039188750221964,20.200000762939453
5585,0,0.37768102081060173,19.299999237060547
3787,1,0.7212507909828217,95.30000305175781
476,0,0.13034929587667757,76.05000305175781
6794,0,0.01516166966188031,19.549999237060547
6426,0,0.16555925216686082,50.04999923706055
3777,0,0.015125166891749918,19.299999237060547
6557,1,0.7837730930300649,100.0
2981,0,0.013845716877124851,20.5
1329,0,0.010053234122790935,19.399999618530273
1760,0,0.0665350094408482,54.900001525878906
3656,0,0.02119795626441919,49.79999923706055
6970,1,0.8357667655534073,74.3499984741211
5560,0,0.18742772050953535,94.1500015258789
1909,0,0.07120660304406533,20.649999618530273
1040,1,0.641270924844114,90.44999694824219
6539,0,0.28707046260734814,73.05000305175781
5822,1,0.6860577599514531,70.55000305175781
5048,0,0.2650009661621869,99.0999984741211
6991,1,0.9376907964606535,95.6500015258789
1783,1,0.7970150820570927,71.6500015258789
5078,0,0.12909360325852937,100.25
2154,0,0.020872683270890514,19.75
6073,0,0.006433935951335152,24.899999618530273
5183,0,0.28964445686179224,79.5999984741211
1440,0,0.05481366330230915,19.899999618530273
6650,0,0.40390789548426886,20.200000762939453
6838,1,0.5569859905302104,99.0
73,0,0.0067277306559287995,24.25
524,1,0.7204514231320269,100.05000305175781
85,1,0.7061467421612755,99.30000305175781
4748,0,0.0461711360140113,20.299999237060547
5270,0,0.0599949270440242,55.25
1883,0,0.3899380144915543,100.5
6674,0,0.28876188897305805,23.5
4166,0,0.02587536336887516,19.799999237060547
212,0,0.0036860119070167537,19.75
5617,0,0.39075282702993075,20.75
1250,0,0.2724288747533672,103.19999694824219
4792,0,0.37500010109716725,106.25
2015,0,0.22898247994483784,49.900001525878906
1451,0,0.1853695816820289,69.5
3440,0,0.006803635758543341,90.55000305175781
487,0,0.0859979846128141,88.5999984741211
6623,1,0.8399232537003635,76.44999694824219
4065,0,0.3762686141035834,19.75
5369,0,0.12890732364675878,20.350000381469727
3087,1,0.9117406585317099,87.05000305175781
3910,1,0.7657614238583389,106.4000015258789
4633,0,0.005926438819236686,24.049999237060547
447,0,0.015158524048615042,25.049999237060547
6157,0,0.35993066534766843,19.850000381469727
6679,0,0.01140606987364838,37.70000076293945
3727,1,0.9231986924650794,96.5999984741211
1214,1,0.8380210380283211,86.0
2927,1,0.8584799643183415,69.9000015258789
3956,1,0.763975522283945,105.30000305175781
24,0,0.016270772122467747,59.599998474121094
5597,1,0.6343737893871781,90.5
4654,0,0.020690480816860563,19.049999237060547
1081,1,0.6004812631861713,98.8499984741211
2421,0,0.27217692804495325,39.900001525878906
6159,0,0.26888091137970965,20.5
753,0,0.06930777601624018,20.25
4296,0,0.06414582921319979,72.25
900,0,0.42344749884837407,19.5
5422,0,0.0014964813382195986,62.650001525878906
922,1,0.6799382730979037,75.4000015258789
3767,0,0.07907956648519202,110.9000015258789
6690,0,0.10246628285669859,94.30000305175781
671,0,0.0042567136161411594,25.549999237060547
6111,1,0.8431650141221086,83.8499984741211
3368,0,0.3945504315744164,94.1500015258789
2797,1,0.8646467641476516,100.94999694824219
5100,1,0.8529917017174217,75.30000305175781
966,0,0.3949933464116578,19.25
5091,1,0.5410032310895868,30.5
715,0,0.4059340505973464,89.1500015258789
3672,0,0.14525515940203904,70.1500015258789
5499,1,0.7070770042676466,79.4000015258789
1696,1,0.8772994342236501,85.30000305175781
531,0,0.0017374195247853931,20.049999237060547
2490,0,0.14059809540141335,100.55000305175781
458,0,0.3106047560813278,20.0
428,1,0.8099880331614141,75.5999984741211
2279,0,0.0035670140741179274,25.100000381469727
2377,0,0.07830678998511409,55.29999923706055
4508,0,0.0739300977919334,19.899999618530273
2983,0,0.005081322861963716,89.9000015258789
1829,1,0.8343811254918869,74.8499984741211
3375,0,0.005769462094130272,19.899999618530273
4853,0,0.14970587153998322,94.44999694824219
3623,1,0.694049900816685,72.25
5462,0,0.03182706191162956,70.1500015258789
4340,0,0.4535720740368315,48.650001525878906
4449,0,0.33109145257138417,104.69999694824219
1260,1,0.5166861615173366,50.29999923706055
6263,0,0.225806390350656,54.20000076293945
154,0,0.20993139452552823,19.700000762939453
3514,0,0.06565712297450603,110.5999984741211
3864,1,0.7876178642805876,100.19999694824219
3036,0,0.03284225394509744,49.349998474121094
2820,0,0.0368409394757145,24.049999237060547
18,0,0.18336396940760194,55.20000076293945
783,1,0.6857415997330043,52.20000076293945
6593,0,0.23963502050409888,54.54999923706055
3992,0,0.03181531224482148,84.69999694824219
1062,0,0.36076731319395255,50.20000076293945
6355,0,0.08028335845305591,110.25
2663,0,0.15438521706881211,109.1500015258789
6363,1,0.7574990906717735,74.8499984741211
5718,1,0.786838018586155,80.5
6185,0,0.2567647217613645,103.94999694824219
4513,0,0.0061751535627759075,92.44999694824219
2709,0,0.21596037416133929,53.95000076293945
3664,0,0.4639799603627592,50.79999923706055
6331,0,0.01249126586799098,40.29999923706055
2664,0,0.05379873964274796,94.94999694824219
3723,0,0.09274675946264252,20.450000762939453
4226,1,0.8684542848494133,75.8499984741211
5655,0,0.01716881240278958,25.100000381469727
868,0,0.3898358441772798,85.55000305175781
4722,0,0.03658608027408024,70.1500015258789
3069,0,0.3797739576411635,20.549999237060547
1802,0,0.029309316164987012,38.54999923706055
2687,1,0.5993239376208246,91.0
5700,0,0.43220769283116567,79.30000305175781
5218,0,0.08570134604677698,19.700000762939453
3693,0,0.20801130959374375,64.6500015258789
1154,0,0.019789171911663416,24.649999618530273
5571,0,0.10091471985917246,79.80000305175781
6875,0,0.005107414159757426,19.450000762939453
6519,0,0.20721216840299772,91.3499984741211
113,1,0.6746192905946434,76.5
2506,0,0.00834342074750574,24.299999237060547
2217,0,0.0070063884854103505,89.9000015258789
2753,1,0.8751464757879486,95.6500015258789
1105,1,0.8672642175033393,79.75
376,1,0.7160672511674698,25.350000381469727
1401,1,0.6726185598767446,99.80000305175781
6344,1,0.7180207300071751,74.94999694824219
6852,0,0.05103138468937085,61.900001525878906
5635,0,0.20371826975688295,54.70000076293945
5877,0,0.33715891519032937,106.94999694824219
1245,1,0.6974738457607151,90.44999694824219
6022,0,0.14603340976729712,18.899999618530273
5927,0,0.011588599165702268,24.75
5924,0,0.0026250009273488125,20.649999618530273
4570,0,0.3102272313197173,18.950000762939453
1992,1,0.678243588752992,83.55000305175781
2499,0,0.022780060828068587,70.19999694824219
6628,1,0.5643879822337519,94.05000305175781
1446,1,0.5900020012785437,50.04999923706055
3836,0,0.0553555048276175,58.349998474121094
5610,1,0.8884706450959224,75.5
3031,1,0.570374861387673,71.05000305175781
1143,0,0.23555505112832684,56.79999923706055
469,0,0.4454178557296101,55.95000076293945
4227,0,0.014972111320155853,80.6500015258789
3536,1,0.744790867582725,79.1500015258789
6445,1,0.7415163221353205,90.6500015258789
3090,1,0.6319106503287699,53.5
3537,0,0.03525151773094011,53.650001525878906
6847,0,0.3120457399970775,55.95000076293945
6656,0,0.0049157434515184565,23.549999237060547
2760,0,0.05242190040523248,20.649999618530273
3682,1,0.8485313977194312,69.0999984741211
4933,0,0.24640850842495274,57.20000076293945
3312,0,0.3891952032858073,20.299999237060547
5003,1,0.6595401680637243,74.3499984741211
3448,0,0.27017003354594954,61.45000076293945
654,0,0.40354816163632473,19.649999618530273
2493,1,0.8101698127980715,90.75
4216,0,0.039364427678482104,92.0
5721,0,0.08021678273720667,52.849998474121094
2888,1,0.7887248727437755,71.0
3099,0,0.08342621184150777,20.149999618530273
2742,0,0.011601375831982612,68.75
4781,0,0.008361427335546526,19.5
7024,0,0.23271209467866455,84.80000305175781
2982,0,0.007334373959921658,20.850000381469727
3547,0,0.007180237101358691,90.05000305175781
4275,0,0.47572187529413945,25.75
3803,0,0.09955976798735643,94.0999984741211
3287,0,0.24351291447184575,100.94999694824219
164,0,0.0787366490359292,20.600000381469727
2868,1,0.6844048871894858,85.75
1546,0,0.02148690544306065,19.850000381469727
5943,1,0.829497979026792,84.8499984741211
6393,0,0.2941973344205725,92.4000015258789
4139,1,0.5638986234413779,80.5
6898,0,0.14459714827226675,100.05000305175781
6974,0,0.46216859225032547,98.8499984741211
5412,0,0.15687176453010832,85.55000305175781
5066,0,0.09772345688450698,54.29999923706055
936,0,0.04452362735157013,80.8499984741211
5119,1,0.7270675004527233,75.6500015258789
3906,1,0.853448732519508,78.80000305175781
3394,0,0.09815864813983365,61.54999923706055
2650,0,0.4048560526495187,84.3499984741211
3763,1,0.8342686625601703,80.3499984741211
4733,0,0.4164146224147424,84.5999984741211
6339,0,0.3201616664978585,49.900001525878906
4390,0,0.02635948884372714,57.95000076293945
2919,0,0.043405410479629175,49.650001525878906
5592,0,0.04504523899606365,19.75
1738,0,0.21241793869587836,90.55000305175781
866,0,0.0381190913690216,39.0
700,0,0.03631705847392813,63.29999923706055
3905,1,0.7465195852235407,35.20000076293945
1289,0,0.019137177699214428,68.80000305175781
2568,0,0.016705792772921387,19.350000381469727
2783,0,0.4597817112190298,94.0999984741211
1775,0,0.09730768732509021,109.05000305175781
2729,1,0.9082338711655574,85.69999694824219
4061,0,0.48462612400392546,50.099998474121094
1586,0,0.10785082284104702,109.05000305175781
5551,0,0.12138533644423696,19.600000381469727
2333,0,0.0513032258539426,65.19999694824219
405,0,0.004063451897780107,19.799999237060547
3067,1,0.8002510818821787,84.4000015258789
163,0,0.05086418723619431,73.9000015258789
3834,0,0.0932570781978784,70.0999984741211
3679,0,0.3965622905040388,20.100000381469727
3762,0,0.4850850134009101,49.0
6740,0,0.2535529784182297,79.19999694824219
2899,0,0.011689629559971583,53.95000076293945
6727,1,0.601341110865864,45.29999923706055
4267,0,0.038885907204461875,91.1500015258789
3449,0,0.13654290521516577,95.69999694824219
6872,0,0.11578913833902568,81.1500015258789
3781,0,0.04136595841984251,19.100000381469727
2604,1,0.8694874470469868,100.55000305175781
1878,0,0.3577346939660952,20.75
2999,0,0.0709045344124053,20.600000381469727
6181,0,0.2938102065627713,99.9000015258789
3658,0,0.47322653570949647,54.25
4838,0,0.16512617202301907,109.69999694824219
1104,0,0.026962876047554134,19.549999237060547
5706,1,0.8405966632073643,75.69999694824219
2350,1,0.8828769983452868,84.0
5642,0,0.06940460237005648,19.5
2517,1,0.8702501015907619,69.5
4705,1,0.5787357962398928,78.94999694824219
38,1,0.7020634724435478,106.3499984741211
1975,0,0.03118235970260847,19.600000381469727
603,0,0.15071181435952,108.6500015258789
2305,1,0.5744461759436796,97.69999694824219
6779,0,0.03619030255175119,45.0
4932,0,0.06743353470744458,80.6500015258789
849,0,0.006490210060021874,89.80000305175781
3720,0,0.13127034242757396,54.54999923706055
126,1,0.6299802854844462,78.05000305175781
4415,0,0.00916671083101454,66.0999984741211
4638,1,0.894153406694287,75.55000305175781
3550,1,0.7179575052589017,96.19999694824219
3006,1,0.6779036429160622,74.94999694824219
3907,0,0.41716116439275014,89.94999694824219
4870,0,0.03222237181001835,64.4000015258789
3845,1,0.7874414668780767,73.9000015258789
262,0,0.44930159234787276,89.8499984741211
4871,0,0.021677851952080343,75.19999694824219
6902,0,0.008102881398419406,68.44999694824219
192,0,0.006277493748292293,19.75
6220,0,0.014046834039126837,53.70000076293945
3306,0,0.49062665675954126,80.0
1798,0,0.09427727756495188,26.200000762939453
3371,0,0.17416423725825045,19.25
1517,0,0.3148337380134078,100.55000305175781
4438,0,0.00516298570707529,24.950000762939453
4912,1,0.5280410205666417,90.8499984741211
3242,0,0.0609608890379896,20.450000762939453
2993,0,0.08793218664593912,20.399999618530273
2168,1,0.6604720989307702,74.4000015258789
6637,0,0.010921153332539431,53.650001525878906
4078,0,0.03113995783578534,67.5
6655,0,0.009322788354929341,24.200000762939453
3711,0,0.03559464298416162,75.75
3960,1,0.6688684124924565,57.54999923706055
904,0,0.009481127785393607,81.3499984741211
4898,1,0.8184433841467502,25.25
128,0,0.3762686141035834,19.75
3726,0,0.47351161747293874,89.05000305175781
4186,0,0.14029570431910812,104.05000305175781
5222,0,0.4871929692159232,65.5
3703,0,0.08025188305454385,20.100000381469727
5311,1,0.5287719282384142,19.5
4017,0,0.07738822079079082,59.0
6490,0,0.04955900321955511,19.399999618530273
2222,0,0.4729295786852174,101.1500015258789
5415,1,0.5670154594914669,50.29999923706055
2962,0,0.41410096125975515,31.0
5631,1,0.632386735833348,25.0
6577,0,0.023926983197780076,72.94999694824219
6429,0,0.0035399307943817246,69.3499984741211
3982,0,0.0025866000304415305,24.350000381469727
1893,0,0.15028704001876864,69.0999984741211
5302,0,0.30171649400687056,65.5
383,1,0.725697662739991,90.8499984741211
3227,0,0.40362036505388726,56.29999923706055
6137,0,0.2487716787279909,53.849998474121094
5105,0,0.1630744590629676,99.19999694824219
277,0,0.21664406630426786,64.94999694824219
3936,0,0.341116605256812,68.25
5029,1,0.6125045565229619,50.29999923706055
2558,0,0.04026076282055984,20.049999237060547
6434,1,0.6740169925143384,50.5
2447,1,0.7928525618670187,74.9000015258789
4862,1,0.897079052571433,70.94999694824219
3401,0,0.02640615858879067,19.549999237060547
4355,1,0.6963401699488764,50.349998474121094
1768,0,0.06465490854610677,58.54999923706055
2508,0,0.14939256052090977,110.5
3955,1,0.559207581971778,45.900001525878906
717,1,0.8372982036041806,85.6500015258789
3346,1,0.8688418757668138,84.05000305175781
1171,0,0.3292390744730511,94.4000015258789
4630,0,0.10595689051902107,65.05000305175781
1703,0,0.4622199069463509,35.650001525878906
2457,0,0.20303276513787022,90.6500015258789
3350,1,0.6228321457393453,44.150001525878906
5149,0,0.007312882820535806,19.200000762939453
2012,0,0.3516780654347765,98.75
265,0,0.007338471341506203,88.0999984741211
1206,1,0.8858982426494211,70.1500015258789
2763,0,0.15526343266046572,81.05000305175781
3822,0,0.46856313681666495,94.05000305175781
2550,0,0.004939068653508207,20.049999237060547
5122,0,0.1571509295114899,49.849998474121094
4521,0,0.1651280019884821,45.54999923706055
1834,1,0.6645161861792139,45.099998474121094
3708,0,0.08397576648528145,20.399999618530273
1114,1,0.5073699926406101,98.8499984741211
3081,1,0.8299306182615649,77.8499984741211
5871,0,0.3820097041374877,55.650001525878906
5999,0,0.14724342438470892,108.94999694824219
3534,0,0.1922958836527093,105.19999694824219
4640,1,0.7178422893686904,70.0
5102,0,0.08201447224147802,110.1500015258789
7023,1,0.5282064051948097,103.5
4393,1,0.7907049143057497,86.5
6985,0,0.01949256379921957,40.20000076293945
5433,0,0.21654452914024722,100.9000015258789
6603,0,0.2508691402771893,66.5999984741211
5838,0,0.07548554700068841,71.8499984741211
2181,0,0.02605451293175863,84.1500015258789
1630,0,0.48834932543384046,102.5999984741211
4448,1,0.7275276630995847,99.69999694824219
5507,0,0.05680797159463627,59.900001525878906
5884,0,0.07478687318059878,59.900001525878906
7000,0,0.01931183793196332,20.549999237060547
1861,1,0.7141430328678837,45.95000076293945
4100,0,0.013190224361807276,19.799999237060547
5379,0,0.29768998690575543,98.0
6107,0,0.3809499345907577,19.950000762939453
4603,0,0.27140612445980433,35.099998474121094
2816,0,0.17351022474890476,109.55000305175781
2894,0,0.02585447237034968,60.349998474121094
4750,0,0.11085827400535117,39.54999923706055
3162,0,0.47228665503697276,69.5999984741211
3088,0,0.012959882596501576,81.0
560,0,0.3142965041956053,107.25
701,1,0.6877412656163916,83.1500015258789
5789,0,0.03713092271651788,19.799999237060547
3064,1,0.740596298961916,68.6500015258789
3649,0,0.0020550791189397465,25.350000381469727
5826,1,0.9071382462027194,79.3499984741211
1292,0,0.07893014063998335,84.5
2522,0,0.02782174848904366,78.75
6362,1,0.8330686195545699,74.9000015258789
2254,0,0.029664016971813135,93.05000305175781
3632,1,0.5374067175753843,79.6500015258789
6184,0,0.4240923358671681,55.70000076293945
4678,1,0.8875043127480081,94.19999694824219
4556,1,0.8224545541241903,67.75
4121,1,0.5096362593759122,95.55000305175781
3411,1,0.6463143005779662,101.9000015258789
2244,0,0.03152952674849842,64.4000015258789
5905,1,0.8140057848262573,85.0
2460,0,0.006493316643722207,19.549999237060547
7008,1,0.7769384007246667,75.05000305175781
2221,0,0.002045503180589217,64.05000305175781
2978,0,0.3905776982306089,85.94999694824219
517,1,0.7990273957828792,70.05000305175781
4343,1,0.8512339787418656,75.75
6954,0,0.17344267728846471,19.799999237060547
1595,1,0.7341046689578231,74.69999694824219
2565,0,0.06004732935187874,25.0
1631,1,0.5266727619554611,85.3499984741211
2964,0,0.04033204534801088,58.349998474121094
6584,0,0.006073243233767487,20.549999237060547
2791,0,0.08383978239406778,74.3499984741211
6864,1,0.7797791523639842,25.299999237060547
3463,1,0.6103169991850171,91.1500015258789
6309,0,0.005236729515290275,25.600000381469727
699,0,0.003640654769831953,66.5
4693,0,0.005895972990211715,25.600000381469727
5661,0,0.45421910709940916,19.850000381469727
3628,0,0.20294430958895948,69.5
5627,1,0.7470802249138557,74.8499984741211
6315,0,0.010878247119000406,70.0999984741211
5107,0,0.3427493836026552,58.599998474121094
3154,1,0.7344198547420699,72.75
6948,0,0.21401284552549424,103.69999694824219
2773,0,0.310079578419219,29.100000381469727
4455,1,0.6450731992090871,50.45000076293945
6377,0,0.46247428276972197,44.650001525878906
6251,0,0.32329836610989443,19.25
384,0,0.46606449593221894,108.0999984741211
2672,0,0.1091985627598148,20.100000381469727
2805,0,0.016527431867955775,59.849998474121094
5465,0,0.14039539280548582,56.04999923706055
6023,0,0.00913553177834157,19.600000381469727
6322,1,0.8846125891483674,79.0
1782,0,0.4047854734092034,66.05000305175781
3742,0,0.356745169288944,106.5
2341,0,0.13811624156768365,114.9000015258789
5524,0,0.016097782798381623,54.650001525878906
3197,0,0.18792987568915293,69.5
2880,1,0.9056432491792873,79.94999694824219
2172,1,0.6378709986665342,43.95000076293945
4039,1,0.8744768983990191,94.0999984741211
5049,1,0.6675893941168303,20.200000762939453
4132,1,0.6247758875708961,23.899999618530273
4669,0,0.0117632972321329,20.450000762939453
5173,0,0.4846692441137978,44.79999923706055
3706,0,0.4094156117943996,84.30000305175781
2789,1,0.5876731888176783,88.94999694824219
6965,0,0.08847853714952413,94.19999694824219
2603,0,0.1378864648325831,114.9000015258789
5520,0,0.13553685972540278,84.25
4464,1,0.720875569896628,81.69999694824219
861,0,0.07991511298097499,93.4000015258789
4307,1,0.8296145069423126,96.55000305175781
3814,0,0.007662997361311907,88.69999694824219
2381,0,0.12160119430308072,19.5
3899,0,0.39084706496145594,109.0999984741211
3392,0,0.03351292921865016,44.099998474121094
2819,0,0.4609054105935502,55.20000076293945
3896,0,0.018175681588404845,20.299999237060547
967,0,0.25093851754173835,20.850000381469727
1468,0,0.22515339471850407,92.30000305175781
1044,0,0.23567488387429056,54.25
4576,0,0.10531412798902744,19.75
1523,1,0.5376332086029566,43.54999923706055
3142,0,0.3774367957710932,19.799999237060547
6435,0,0.008166872565194893,50.20000076293945
4505,0,0.0059728641370224945,26.0
2043,1,0.6416318463940766,69.6500015258789
4596,0,0.3188889441160976,89.5999984741211
4721,0,0.388013310702969,20.25
1566,0,0.042275044476607654,75.4000015258789
4362,0,0.019118680433706008,20.700000762939453
2702,1,0.6996363984842547,44.0
250,0,0.14202534914889328,93.5
4824,0,0.15092706532301528,97.25
4506,0,0.010200989850735696,77.3499984741211
4234,0,0.07845968024517765,19.049999237060547
3678,0,0.07970311786863069,84.9000015258789
2759,1,0.575930967862149,19.649999618530273
1366,1,0.820705053245402,85.5999984741211
1345,0,0.41135861170784827,100.75
6175,0,0.14442644273768815,90.80000305175781
1956,0,0.2166675230792269,101.30000305175781
1441,0,0.3906572223778012,97.80000305175781
1467,0,0.16091727406243528,73.75
6967,1,0.605239597599437,89.5
2440,0,0.04097198162662829,19.450000762939453
2210,0,0.23934382073495014,104.0
6115,0,0.027190660252546215,109.5
1333,0,0.024323158043168452,35.400001525878906
2451,0,0.164898259132072,106.0999984741211
6384,0,0.13284040212821366,20.100000381469727
527,0,0.060420354351275365,94.69999694824219
5839,1,0.7641776784582325,75.4000015258789
3743,0,0.3512510956786814,49.349998474121094
3441,0,0.023001399131771426,60.79999923706055
5819,0,0.037192153070693505,115.1500015258789
6763,0,0.016436082335737744,72.9000015258789
4144,0,0.4337665435904146,103.8499984741211
2949,0,0.020047265555322196,60.25
5344,0,0.004917054290212083,76.9000015258789
1346,1,0.5266210077040477,87.25
4543,0,0.024929537421132273,19.5
945,1,0.9108263497340781,74.4000015258789
6433,0,0.004196604676657072,20.5
4162,0,0.011581854288964624,65.69999694824219
5728,0,0.4343689918184037,89.4000015258789
821,0,0.010145878192476787,79.1500015258789
4849,0,0.25217333582895735,51.349998474121094
5860,1,0.9214047584366208,70.0
5778,0,0.4217815061122198,20.299999237060547
4466,1,0.8729062700512926,79.9000015258789
6761,0,0.39181054499273166,19.899999618530273
1875,0,0.038272859514462444,114.0999984741211
49,0,0.0034762505782462423,64.1500015258789
2237,0,0.05642094755290709,45.849998474121094
2435,0,0.27383369034209576,59.79999923706055
3482,1,0.5800326876616396,45.0
3928,1,0.6580487657468067,95.94999694824219
6804,0,0.38341179155941185,90.3499984741211
6701,0,0.3173582176398661,100.3499984741211
4877,0,0.030111116183725466,74.6500015258789
1187,1,0.5696366496874092,104.05000305175781
4823,0,0.34353668149734096,53.95000076293945
5406,0,0.08495340101334764,97.19999694824219
4403,0,0.29066151130666945,62.45000076293945
4512,0,0.040947601848573455,75.5
3202,1,0.7666771728026398,55.25
5812,1,0.7375503258387007,71.0
4382,1,0.5717159784544398,48.75
1179,0,0.3220652001399883,94.30000305175781
6659,0,0.012549614059968473,92.30000305175781
746,0,0.04753427735694324,114.94999694824219
7041,1,0.6741263982643608,74.4000015258789
4300,0,0.12857025638922945,24.600000381469727
3380,1,0.8214171635708368,95.0999984741211
1151,1,0.5250879147266898,18.850000381469727
5019,1,0.7626914779102646,95.5999984741211
5177,1,0.61958194328033,84.0999984741211
3579,0,0.4470184667481768,81.19999694824219
6369,0,0.08655767469814969,105.05000305175781
3419,0,0.05106759438070088,92.1500015258789
5219,0,0.3963136314011927,20.600000381469727
3934,0,0.05869836104465058,40.25
4386,0,0.005805742567300343,57.54999923706055
5581,0,0.03734848726968682,113.1500015258789
2282,0,0.3257851932273092,99.5
4327,1,0.8261562079941489,69.9000015258789
4589,0,0.04943244929987961,20.149999618530273
3753,1,0.5213626848465917,29.149999618530273
552,0,0.00855338117782151,19.350000381469727
5444,1,0.762157266884511,107.75
1567,0,0.4924190255991162,67.80000305175781
2926,0,0.12150301529951009,116.0
4585,1,0.8779332443370068,85.05000305175781
2627,0,0.030534967703634473,25.700000762939453
1728,0,0.0877054783239049,81.6500015258789
4443,1,0.6891614904662186,44.75
1727,0,0.2688433776150252,71.05000305175781
6143,0,0.00845090480736791,20.350000381469727
618,0,0.2861442666003774,87.55000305175781
2510,1,0.7859375328981724,74.25
2161,1,0.8649049427628939,75.80000305175781
3085,1,0.8426968927494437,105.3499984741211
3922,0,0.45348995749712645,94.6500015258789
6544,1,0.7411450337008797,104.75
4256,0,0.016712582519417138,26.0
4320,0,0.010237857965101136,20.850000381469727
5057,1,0.8523262395845331,75.8499984741211
216,0,0.0012906731849665015,45.25
3228,0,0.2253671921240397,105.25
267,0,0.2775040410974612,105.0
64,1,0.8962927191862327,94.4000015258789
449,0,0.0673392810112695,105.5
4845,0,0.009222330508919007,39.400001525878906
6585,0,0.014049576853626114,20.0
3201,0,0.05809778936807792,79.5999984741211
2796,1,0.625221462352868,89.80000305175781
507,1,0.7247116451511646,94.19999694824219
5402,0,0.0521340822749342,20.350000381469727
2990,1,0.6540539569707451,33.900001525878906
968,0,0.012015297471894773,77.3499984741211
3047,1,0.7190465656228396,84.1500015258789
6894,1,0.6886070266568068,105.9000015258789
2776,0,0.3388035807527282,74.30000305175781
4308,1,0.7121901641009816,69.75
4815,1,0.5303877914672727,70.44999694824219
1688,0,0.023991707408137247,20.149999618530273
5745,0,0.004185506091145709,24.200000762939453
4373,0,0.03128432900334274,20.049999237060547
6680,0,0.0703049425245718,95.5
650,1,0.9199079012408669,69.55000305175781
2731,0,0.33887771965841357,108.25
4847,1,0.7233355787204736,76.25
6081,0,0.4005860541826894,49.79999923706055
2086,1,0.5784058166862858,80.8499984741211
5179,1,0.6030897611177084,69.3499984741211
6879,1,0.6303817398179782,86.05000305175781
4665,0,0.01326933239171548,36.150001525878906
2505,0,0.04944270209302618,20.100000381469727
5364,1,0.6012765382333458,90.69999694824219
6182,0,0.004376784392819117,88.69999694824219
284,0,0.45088565524784485,95.1500015258789
6718,1,0.7799627292087723,75.0
1383,1,0.8403169694981408,49.95000076293945
5430,1,0.6824658426122147,72.1500015258789
4087,0,0.39790819705585684,20.899999618530273
213,0,0.03790119122570726,20.0
1389,1,0.5381324946718198,94.25
6365,1,0.7923708563508414,101.94999694824219
5268,0,0.02640791226616356,86.9000015258789
4015,0,0.08095964457870575,54.45000076293945
2293,0,0.049095519770153334,85.94999694824219
1699,0,0.04173689423714789,20.649999618530273
249,0,0.20016900251498104,99.0
6416,0,0.0152953590675255,43.900001525878906
5533,1,0.8617144078744033,95.4000015258789
6284,1,0.8259518392574384,93.5
4651,1,0.6753642404830792,86.19999694824219
5681,0,0.11211965722423273,64.19999694824219
2631,1,0.7407264908249922,99.25
3024,0,0.198597912448567,20.399999618530273
175,0,0.13935874627776387,24.700000762939453
1144,1,0.828400790300981,35.54999923706055
2785,0,0.22452512985089962,108.9000015258789
4737,0,0.15160608868123324,115.5
1458,0,0.49596643695227416,20.549999237060547
1420,1,0.6841709121015639,99.80000305175781
170,0,0.12208051373775403,84.25
5878,0,0.18515151415915848,21.200000762939453
2080,0,0.010819538445199008,84.0999984741211
779,1,0.7202421748706794,45.349998474121094
6356,0,0.44984207568188356,98.9000015258789
1073,1,0.8728737676272136,98.05000305175781
5694,0,0.09842358965192609,51.45000076293945
4579,1,0.6599082034355193,81.1500015258789
3305,1,0.7410392808598515,94.75
1398,0,0.3941971070825957,84.3499984741211
1305,1,0.6015947061006176,59.54999923706055
5212,0,0.0018957349239138372,38.5
4667,0,0.25636051301636403,19.25
6447,0,0.030453936578734974,79.0
582,1,0.8106834638294599,89.19999694824219
631,0,0.25613687722993395,55.0
1377,0,0.010176179833782474,82.30000305175781
1770,1,0.5949355123345691,113.19999694824219
3476,0,0.27447210232411445,100.75
6665,0,0.0632961533396983,29.299999237060547
2142,0,0.058176170720560264,64.8499984741211
1216,0,0.0036794820812052166,20.399999618530273
4982,0,0.21369143541426228,104.4000015258789
5954,0,0.07798948040032448,55.0
2684,0,0.40745328279542,105.19999694824219
2296,1,0.6667305967015298,45.20000076293945
2665,0,0.08037093738982651,93.55000305175781
6678,0,0.01945086214657894,20.850000381469727
1772,1,0.8485412859678833,79.0
2771,0,0.12309936672042925,63.150001525878906
3065,1,0.6605502053678189,45.79999923706055
3461,0,0.06501205465056341,55.70000076293945
954,1,0.8003959350432607,95.0999984741211
1001,1,0.6024825471663302,75.5
1607,0,0.46947380223177804,89.05000305175781
4674,0,0.06176310857256867,50.349998474121094
652,0,0.009156248354707696,20.100000381469727
3472,1,0.6313131733466875,104.75
6866,1,0.891109014865992,95.44999694824219
2036,1,0.7545761043201595,74.30000305175781
1059,1,0.5929889662999647,90.5999984741211
2954,1,0.8181316659950024,75.44999694824219
5044,0,0.27551504999929144,104.5999984741211
4743,0,0.017782090254493597,59.5
6595,0,0.028210711363599494,82.55000305175781
1284,0,0.003262722186217476,19.850000381469727
4994,1,0.729428543955725,96.05000305175781
5453,0,0.007697318510912093,61.349998474121094
4658,1,0.6340727423909053,44.45000076293945
4491,0,0.3531765545300831,19.75
139,1,0.7671234433079465,70.44999694824219
5103,0,0.27282905944405916,82.8499984741211
6466,1,0.6066308466897059,74.1500015258789
2651,1,0.7977062662479075,90.3499984741211
303,0,0.009661785471026243,60.29999923706055
2308,0,0.13512322055433862,104.6500015258789
4280,0,0.006132526310773689,19.700000762939453
4934,0,0.16177418798918458,110.75
6101,0,0.07662830377700404,110.25
6132,0,0.11471036178083407,53.400001525878906
1296,1,0.8235136342234692,80.69999694824219
6906,0,0.01646777095701232,18.700000762939453
1750,0,0.2852326475960481,89.69999694824219
1583,0,0.38691076788925627,48.95000076293945
5806,0,0.39345972770884,19.600000381469727
2423,0,0.0812765127788354,20.100000381469727
6345,1,0.5132707369660983,56.54999923706055
6043,1,0.6649114480016407,40.150001525878906
1207,0,0.3531050762288528,69.4000015258789
1739,1,0.8584799643183415,69.9000015258789
3508,0,0.1547286995595131,113.6500015258789
1664,1,0.8868421656006055,96.05000305175781
5854,0,0.4449382693373417,48.79999923706055
5756,0,0.011467064545183524,19.850000381469727
6088,1,0.8161191348908712,55.400001525878906
4148,0,0.1272614131825279,19.350000381469727
2464,1,0.9075875942548433,77.1500015258789
324,0,0.02766555218696015,60.04999923706055
6530,0,0.021343394328794486,36.099998474121094
3512,0,0.033668590189911037,25.0
6485,0,0.20671629296067442,73.55000305175781
503,0,0.19575364303259568,84.05000305175781
1119,0,0.011819842423764212,59.5
5692,0,0.13683546542893504,54.79999923706055
1867,1,0.8154976847515976,83.75
5572,0,0.00923842928278121,74.80000305175781
2150,1,0.7390666141674208,84.0999984741211
1439,1,0.710995574307139,75.55000305175781
4554,0,0.35197220287194436,108.19999694824219
5319,0,0.07719676602947805,109.75
1824,0,0.004304087864968584,20.299999237060547
6273,1,0.866760032552727,70.6500015258789
2081,0,0.36146939146025675,75.30000305175781
3630,1,0.6443198320104319,20.950000762939453
554,1,0.7139414659982539,80.3499984741211
6160,0,0.10606606561122929,89.6500015258789
6977,0,0.24253094091134678,49.70000076293945
5000,0,0.38430678982093236,49.5
2234,0,0.014761687279608594,59.70000076293945
87,0,0.017708190481022817,20.649999618530273
1777,0,0.2461540184963748,54.900001525878906
674,0,0.24889854151804436,49.150001525878906
3885,1,0.8819711152575378,74.94999694824219
2156,1,0.9085405396439337,80.55000305175781
5691,0,0.16135429543153149,19.950000762939453
36,1,0.8411673453950838,69.69999694824219
1731,1,0.856566231580643,69.5999984741211
4301,0,0.0025310887099568614,19.75
325,0,0.33458584798170055,102.69999694824219
893,1,0.8243081540299446,24.600000381469727
6939,0,0.2093507930998668,89.19999694824219
1443,0,0.32840464647281703,55.79999923706055
617,0,0.19753445579920517,102.8499984741211
5262,0,0.07827102066918007,68.69999694824219
2199,0,0.005342025280222376,25.75
5110,1,0.8604796677860003,73.5
1166,1,0.5540532021999585,53.79999923706055
2748,1,0.8140744289901672,44.54999923706055
3056,0,0.008716263892979728,70.5
2021,0,0.021314607679833758,108.1500015258789
5858,0,0.03536136480462785,19.450000762939453
522,1,0.6014945323936571,85.5
6564,0,0.3091512128415121,20.049999237060547
979,0,0.04688018959890332,54.95000076293945
6,0,0.34151433381841517,89.0999984741211
4474,0,0.026611372918361808,53.349998474121094
2206,1,0.5397585253270021,95.25
2874,0,0.005149858521881149,19.450000762939453
3152,0,0.33707324280561174,95.8499984741211
6147,0,0.15713534150342756,99.0999984741211
6110,0,0.3252717108212595,59.79999923706055
3544,1,0.5137619357536044,93.80000305175781
2473,0,0.21320616004994775,19.850000381469727
1117,0,0.18459711455560596,89.44999694824219
2011,0,0.07675325812767488,85.69999694824219
6972,0,0.33862988098278607,111.94999694824219
2479,0,0.006018202182037672,75.8499984741211
1926,1,0.5355051908386693,99.80000305175781
3644,0,0.010964980072925618,25.0
2877,1,0.5141215580197883,99.1500015258789
6522,0,0.14641974567059943,34.0
2179,0,0.2646493767285545,19.549999237060547
4593,1,0.5596799560608791,20.299999237060547
852,0,0.3676130214339697,24.850000381469727
5628,1,0.5951007679986479,96.6500015258789
6097,0,0.003537663822543055,81.0
4879,0,0.057340836049678295,69.0999984741211
807,0,0.05083301237364272,108.55000305175781
5787,1,0.541812318373685,87.55000305175781
4925,0,0.09617930510007715,108.5
581,1,0.7003456768909506,75.30000305175781
1412,1,0.7013914715123517,84.30000305175781
1462,0,0.02582353754204912,20.0
4710,0,0.05172859138743744,40.54999923706055
1544,0,0.2313552929166376,50.0
1730,1,0.74205369935319,59.849998474121094
5423,1,0.7912917880572647,80.8499984741211
4175,0,0.005196896559024245,20.399999618530273
3966,0,0.023806761513505185,107.69999694824219
2772,0,0.004366646554923437,74.0
5881,0,0.1448308627834272,79.94999694824219
1815,0,0.004265662559692616,20.5
5115,0,0.007454902757165319,65.6500015258789
4995,1,0.9169872638905282,75.0999984741211
177,1,0.7986581859462579,76.44999694824219
4004,0,0.007305398092194438,67.80000305175781
959,1,0.541195563813452,86.0999984741211
1115,0,0.036066949771470305,53.849998474121094
1573,0,0.09429595741729556,96.0999984741211
3525,1,0.5203564075589899,95.05000305175781
2227,0,0.008374607893595202,19.549999237060547
6454,0,0.4481995229134067,81.30000305175781
935,1,0.7998481752181593,83.25
4430,0,0.0926911406126033,61.400001525878906
4325,0,0.3643810982764759,20.75
3365,0,0.034207872643998764,19.649999618530273
4577,0,0.24700522917280424,104.8499984741211
1286,0,0.23052556225676124,74.0999984741211
595,0,0.16279268516397,61.650001525878906
481,0,0.2692294913693696,45.29999923706055
74,0,0.4003108436046336,64.5
2099,0,0.35654420948019544,78.8499984741211
3940,1,0.627467118821234,25.149999618530273
5662,1,0.893142450957408,70.25
6300,0,0.003648699924102146,24.899999618530273
4692,1,0.5271069682723366,100.69999694824219
4784,0,0.4529336696559173,19.549999237060547
6783,0,0.011621864491860447,53.150001525878906
3454,0,0.11692573503910857,35.650001525878906
510,0,0.03012456214937257,94.30000305175781
6599,1,0.5743344525372364,94.0999984741211
610,0,0.40965766322496777,29.950000762939453
3850,0,0.008394884540321322,83.25
6827,0,0.02487768972703759,79.05000305175781
3702,1,0.5064512047662542,79.1500015258789
5536,1,0.6358840064350928,34.70000076293945
53,1,0.5998563102746712,80.6500015258789
4365,0,0.027434407935849697,79.80000305175781
4249,0,0.14209244627227918,65.9000015258789
1635,1,0.5454509941853326,69.94999694824219
2503,0,0.025181823538155432,20.600000381469727
3470,0,0.20789252166244068,51.29999923706055
1477,0,0.16226737953203416,106.0
1045,1,0.6912054298145253,99.30000305175781
3776,0,0.1259765019980925,56.349998474121094
3737,1,0.6860844790793892,50.599998474121094
6611,0,0.045673457523275306,69.05000305175781
6244,0,0.4429981978905475,99.05000305175781
3869,0,0.33890045669083674,98.25
337,0,0.0252738529548943,88.1500015258789
2900,1,0.7054421136305973,69.25
6412,0,0.05701638277767403,108.30000305175781
6399,1,0.6376311272225266,73.0999984741211
4223,1,0.8027644542951631,70.30000305175781
1733,0,0.3600699688905282,19.049999237060547
5077,0,0.053827906202576783,19.850000381469727
1421,1,0.7160711467306824,84.4000015258789
4765,0,0.09751179816621108,35.79999923706055
153,0,0.00938313729147109,86.0999984741211
4708,0,0.007226265884048388,61.29999923706055
3701,0,0.026635818818483342,24.5
5143,0,0.02144587861046276,87.19999694824219
4439,0,0.01124474475280815,20.299999237060547
3857,1,0.5556918504567033,20.649999618530273
4758,0,0.02513895006213216,19.700000762939453
5613,0,0.00811936407550247,70.44999694824219
